trade_id,trade_index,flow_class,direction,notional_quote_micro,execution_price_x18,reference_price_x18,markout_centibps,trailing_volatility_centibps
0x1d5c51af04d1ffbc81d8815debde2e5f79c44b87332ddec55acf4a5446e5a17a,0,informed,sell_base,1010009504,3822831584487798572108,3820838265898626285380,521,274
0x08cacc47ba35c795e92ad0e9623a914eb78bbbc0da14b428b3af889b58c0e160,1,informed,sell_base,13378604723,3822826571828744055809,3820838265898626285380,520,277
0x6d927cd5a30a99c8aa060ec84d17d790aa598a6b702c59f1d01220502afa2aa5,2,informed,sell_base,2674633172,3822805309199826673369,3819624966048319057222,832,135
0xb9486fea3a0f7fb69b3e0fd89a891f4fe3665aa5b0ae41ef46a27cb7292ccb51,3,informed,sell_base,59333970595,3822333634975078011510,3819750820725583100793,676,0
0xf88a90282f4b954b542c070a822ffbfe210a38a505ea7fe6d3811d24745baace,4,benign,buy_base,3000000000,3822357470793324783152,3820691779887077142328,-436,171
0xebe4dba127be70e53a5b36e68fbf094f50c961767e0e5566719b83c5521cc16c,5,benign,buy_base,108285338,3822358331151256962277,3820691779887077142328,-436,171
0xc17134cd0814a7565b35cc3b606522afc7c7c3c239a27ab90ea1f452d0b1ab56,6,benign,buy_base,16647689788,3822490602952642896019,3820682234817602443052,-473,134
0x784fac508fe8b5e1c8bd8633b16191574d82bc50ad56234c4cce953707b9c6a5,7,benign,buy_base,162000000,3822491890111358382170,3820682234817602443052,-473,134
0x91a96351d71fda9d3c6e8ec5ed1a3ea87a3fb8cdba8fe4abb27903673ea6bdfa,8,benign,sell_base,112916394,3822491561710615842671,3820682094194995798267,473,89
0xca18e287e334f1c4806f446fcdbe4a46b037ce3c25e43a5e42751def5ad001c0,9,inventory_improving,buy_base,2550000000,3822511822569931544773,3820365332534212767930,-562,85
0x16aea75e89fbd6796259c86e67ff401c051f9083a4bd58a69017c38bf8ce4382,10,informed,sell_base,1872090633,3822496940549198556731,3820365332534212767930,558,89
0x8ddf14cc63bd4f2f6a741d07cc21cc2eb9f892e674e241fa3dfe5c37a5a85ebd,11,benign,sell_base,87865438946,3821798342672841702497,3820362316143687043294,376,269
0xde0cded9b1c5edfb42d1edf07edf9d090f3f142571566783704f79c150fb3088,12,benign,buy_base,211725481,3821800024769301080182,3820362290363673147309,-376,272
0xb3ddef8e27e5d336541b1256fb7badebe1dce73ecdb0e09fa9b87852918fb514,13,benign,sell_base,2832055228,3821777513701440256899,3820341718627902193119,376,278
0x0941052858758385dfdd79b58e11a23a533050feb66bec0be906e25932aa2ca0,14,benign,buy_base,1062288976,3821785953254576903970,3820837605958414427897,-248,276
0xb09b0bed835f4ae6649b594c7cfed245aa435180d3bc5da3f7878582240bd91d,15,benign,sell_base,779105507,3821779760408047676597,3820837605958414427897,247,277
0x65fb3ffdcc160b1035fb55ba7b30efa02cc9a42d7b7026b985cb9f7aca8e5604,16,benign,buy_base,3952108050,3821811158724840211186,3820962515475692445684,-222,269
0xd9651c1b491f42c4ffa4da869cb4cb2bc79e2261313e56dc113ab533460341dd,17,benign,sell_base,122282542335,3820839230782573394968,3820953885830406744208,-30,523
0x2929d5ac905e97568e78f2cd7f6f14ba95d1d914ff6a9454d3be4b3222cdec90,18,benign,sell_base,2326401515,3820820741241172996103,3820953885830406744208,-35,528
0x448c6e0aee9bce4af496efe6ab71202b24d097075734ce529701d1192ccbda4f,19,benign,buy_base,2206100533,3820838265898626285380,3821533982217504945085,182,520
0x66027139651a000b2c558095b8a87ab5b792d7622896269de28bafc6e6365df8,20,benign,buy_base,998139696,3820846194859766803361,3821533982217504945085,180,518
0x41189137e0259f76ffffec2c45c493d6fc51a477577d2ebc5b27ab67592a2bda,21,benign,sell_base,153044249375,3819629949119676718642,3821508279686168699005,-492,836
0x4963d5407fd9e7331a015b9f3a26b17ae1d0c157c2c82372a539426daf2f0af2,22,benign,sell_base,485740186,3819626089331524146543,3821508279686168699005,-493,837
0xa2dd1e207c677c76fec2c2e00ee90d6f44b0116c834b61b33ba08be3851a9d4b,23,inventory_improving,sell_base,3817701115,3819595753186880619098,3821508279686168699005,-501,845
0xdafb869c6adfa31bad3076018be19aa7730235bd86d9505cfaf97009805e2e8d,24,informed,buy_base,3678179087,3819624966048319057222,3822133050085676179950,657,832
0x35158b6b126022c1d0d8005017a7617d147913ce76e8bf4c5eeee7baf6d3f0d5,25,informed,buy_base,481457128,3819628789888985169438,3822086558395143406593,643,831
0x6a486dccbb1fda550ffd9f126c21c2dc90f0da6388a0792c7e7f8ab3d46bed79,26,inventory_improving,sell_base,905365650,3819621595676077280504,3822086558395143406593,-645,833
0xcee6be8b76ae6f008eaac25a8399e55390f6a1e330784bf78ac34ad27ebbc088,27,informed,buy_base,881479794,3819628596584991270939,3822086558395143406593,644,831
0x1a6a3f2bc6d84b9555c2d598350b624e3ab20bca46a62b298851947068a83fac,28,informed,buy_base,15389030247,3819750820725583100793,3822084968593944338465,611,676
0x02bd68af2fe9c2ad7ce3d32ee1d3f6149e4fbc7902947023d2fac6b0c75d1107,29,benign,buy_base,103344175029,3820571680704116691985,3822054163814257241837,388,461
0xe2547529a965954344bbabcd1952722c61d24254044ec1a41b492d3b6579eb0a,30,benign,buy_base,15423791152,3820694199918350728079,3822031280745267279151,350,429
0x83aaa65a0c9e0ae2c0f5688d4c2bb8885c50de00b86e228c70bb057621e71ee7,31,benign,sell_base,304500000,3820691779887077142328,3822031334240231593839,-351,436
0xb69c773960c67ad7cdbf5b1eede2e2e510f94aab79e8fa4155794ff0704cae20,32,benign,sell_base,1201007591,3820682234817602443052,3822031334240231593839,-353,473
0xbd8b7c10e7a2b7e1ee4bc4149cc0ff6b15b41bc35f4544a9de34a8f47e6f2980,33,benign,sell_base,428080856,3820678832625907632370,3822031334240231593839,-354,474
0x53cf08395b37e1fad8125790cfc9386316551927df2a292429e26e8a82f07903,34,benign,sell_base,356000000,3820676003301186022536,3822031334240231593839,-355,475
0xf0de0c733d618b25069e9aa1676c62a17f9d4071d0d0ba6be7b5d605a667377f,35,benign,buy_base,567572271,3820680511850366988005,3822031334240231593839,354,474
0x4f4902f5e66bf799d162c902e3062592f4f221eec9973bb4ac40b6dfaf2195d9,36,benign,buy_base,498347707,3820684470511684008528,3822058347202691519375,360,473
0xa5f613248000d844a8e9fbcc5112dd48c5fdecc64e333bd5f1d9f14ac492d680,37,benign,sell_base,299000000,3820682094194995798267,3822097006600575721972,-370,473
0x09eab6e1127da8b7c6db66c21e210b427012d311411c1999755b2c854f8e26d9,38,benign,sell_base,39857361992,3820365332534212767930,3822097006600575721972,-453,558
0x9fed0ec82b897368af693eb063c2679e014d4248360ecfe74cb1d26624f16977,39,benign,sell_base,1145535180,3820356228723259087658,3822097006600575721972,-456,560
0xf8bfd883ccb464e2f3c8b54bccf12ddcad717d3c188f378d8901c3022d5a3b76,40,benign,buy_base,766365218,3820362316143687043294,3822096845712459434436,454,376
0xd707f711b6006c2f38b855336e081dadced35a7e219c1f01b277b68f56c288e6,41,benign,sell_base,870253200,3820355374278736944700,3822096845712459434436,-456,378
0xd75f92a2293745774371e526baec836ecfff265a55a859ec1d21e93bbd8c0aca,42,benign,sell_base,1718297267,3820341718627902193119,3822074046490811405354,-453,376
0x49db30a56f41b6f2478c3db345b82eebeccba139c72737b9b5407f46d82cd8f0,43,benign,buy_base,149883426,3820342909184809658745,3822074046490811405354,453,375
0x7b4c92aaa24dfef86086735eab0ff1523cac436b306e3d756979a449994eb839,44,benign,buy_base,62277108058,3820837605958414427897,3822073327717887380917,323,247
0x0bb74021482741843d0df74792847cbbe32b9c36df4c3feeea1c161d5feef9db,45,benign,buy_base,10774153753,3820923193450309252980,3822073327717887380917,301,224
0xd6cbb5d6081d09ea8bfa483b443b14f0e7ce8d2a4f335be01d6b9428eef14f2a,46,benign,buy_base,4950000000,3820962515475692445684,3822081186807515507350,293,222
0x78a8fec7fd2c1dc577d8066b71a67a16278fb90cb6fedc29464144a7395c846c,47,benign,sell_base,1085785883,3820953885830406744208,3822081186807515507350,-295,35
0x21a63cfc24bfdcfeec3aca66694ff7cd1f7ff4f59e8d78f42f568d97a9263686,48,benign,sell_base,8532166993,3820886073927925312114,3822068117039165558254,-309,17
0x35511f2e20164beb0c8847599c146b9af3a7095f4ea313e6d1b02891cf8b3963,49,benign,buy_base,3569880293,3820914432340230501430,3822068117039165558254,302,25
0x2d64e86c9992204e8065ede4f3c21a7a879c6fb2751c9cea6cbb894b71d1d955,50,benign,buy_base,78032828524,3821533982217504945085,3822022823783752990943,128,180
0x247bfee6f061f8a97fb6abe5b15584554a5b7c07aa6c2b9ad36a85b494b43b36,51,benign,sell_base,107071240442,3821508279686168699005,3822022823783752990943,-135,501
0x1a35c30212b1fb8d0789b117c0303f88a85907481ad3b0554c7194c24b7ce50e,52,benign,buy_base,78639344438,3822133050085676179950,3822022823783752990943,-29,657
0x8cc49098556dec5d49199bb8188906ce25d4d307794936f0524ff7a9b669f526,53,benign,sell_base,4966262931,3822093573089594037912,3822022823783752990943,19,646
0x541c0e013a2078a661189f08013967c0200476f5bd6026c984fa292b6e061b9d,54,benign,sell_base,882461342,3822086558395143406593,3821690111939404062890,104,644
0xdd42929e73dce39413712292e37514bdea5cf0141265c1a44a5b7c1f11dc597d,55,benign,sell_base,200000000,3822084968593944338465,3821690111939404062890,103,611
0x28137bf65d0bcc3f5c3e056d5ea7984cfbdb340e6cb927751eb993009e5c7260,56,benign,sell_base,3875307803,3822054163814257241837,3821690111939404062890,95,388
0x1fb6beefc4961223406d85969765f8238784c712be29203e7861ebf0dde73337,57,benign,sell_base,2878749600,3822031280745267279151,3821690111939404062890,89,350
0x3033f68909c6171b20e752043a07d53c790cd41862bc64797bfe889b2242503b,58,benign,sell_base,17029139319,3822028870870232953330,3821690111939404062890,89,349
0x660b068323104553060b074f9fd84ae7b6619b493cf5a379a4ddd47dec12a95c,59,benign,buy_base,310053892,3822031334240231593839,3821684767319369886699,-91,354
0x418316e35e6237e9f9e3e60c64432b7dcfed5911448f28803f2520031ff1fada,60,benign,buy_base,3400000000,3822058347202691519375,3821724368148404223676,-87,360
0x4974261efd8d53882b3325f97f6d162f97033a8f94a42a7952f27388db4deaef,61,benign,buy_base,4000000000,3822090127280741170296,3821724368148404223676,-96,368
0x25c2b13ee4b09569324eca7a2268ca22e1c79568b0e26a5e3f3bf8e117a711c7,62,benign,buy_base,500000000,3822094099799787325983,3821724368148404223676,-97,369
0xd6763ddfb913ee0af7ce27406964414f2143023e420f58ce9c8acd058af74ebe,63,benign,sell_base,1259984060,3822084084174575629314,3821724368148404223676,94,366
0xc594fb3400451dcfb33b729f299180bf16f529316ea7e75df3c24c95c4d3d598,64,benign,buy_base,2687302067,3822105434899246232727,3821724368148404223676,-100,372
0x228b13530d6a987f3c18bb0f8dc30456f42afb9172d2c8517b52805093a462c7,65,benign,sell_base,1060293781,3822097006600575721972,3821723465250116605431,98,456
0xefdefc91c183aabd11077601ab31fed581e01bd984979db74af81e39a408ce2f,66,benign,sell_base,2868185356,3822074046490811405354,3821714158657703931184,94,453
0x1de5940ea34db96e8f71ab5e14093043c1507b867d6f7b4ef6c3ee9c2a3b7e7b,67,benign,buy_base,1005182043,3822081186807515507350,3821698329276946978247,-100,295
0xd823a38f3024f5d1f1d1250a9c00ebd5d8962021cf9b6ff8d71c8b57857128b8,68,benign,sell_base,3513277299,3822053259812932601935,3821698329276946978247,93,288
0xbc5784c0b2983c7ecce0983960141fcc7eea3805ae938f43e8f485acdd6e3b51,69,benign,buy_base,2000000000,3822069149824866681115,3821698329276946978247,-97,292
0xca50b0246b51d09bc0438003a54198de352605396a48eea3bd1c0e01e1f50c04,70,benign,sell_base,129926687,3822068117039165558254,3821335647521265188828,192,302
0xcab1fc986f9106dbac479928b01cb2bd8b468842a4996de075de2e190efaf338,71,benign,sell_base,5116255967,3822027448091879511644,3821308750266135628905,188,291
0x9c640532e05ec14fe3dd47f764c53dcb62dd2801162714ff442ea55f21e8e965,72,benign,sell_base,546477579,3822023104172699698408,3821308750266135628905,187,290
0x6bed242153b008532d36817165824c899c311b44d4e639b9f5e4686dd0f000fc,73,benign,sell_base,293117730,3822020493808693376546,3821117017495233644388,236,19
0x1b299e084ff99587dcda4f372212dc77d1cc4ca1f1bef64a586eb915ac549961,74,benign,buy_base,5424375214,3822063590394095437305,3821117017495233644388,-248,8
0xac370823bff5394d0bfd95b726b29fe46743645f316c867744e361a1c9803de4,75,benign,sell_base,46985580645,3821690111939404062890,3820602474599634637704,285,89
0x547892f1a6a45fbf439d7407cbd19ee301edea34d1d2e7fd250b0a98216f7e5d,76,benign,sell_base,802152976,3821683735953278693951,3820602474599634637704,283,90
0xe79f5a364f726163319dc0155b426536682a4229a0dc8d6b9c2d77510f7cfe17,77,benign,buy_base,129819532,3821684767319369886699,3820646863501985112538,-272,91
0x2c3270b571280868051e7529ed9ca3409175f39a63a5e0c2c15c78c9c96aeb2e,78,benign,buy_base,4984600000,3821724368148404223676,3820466897840918609687,-329,100
0xdfb8d2a3398d43a7bc3a74e5ab6714bdd452d63085e0e22942fbc51ec8901198,79,benign,sell_base,113591690,3821723465250116605431,3820468296819071724650,328,98
0x7d958b7fb8194bc9149e68b4229c9c17c4b0ea7ef3660c8ad8bd512e172f399a,80,benign,sell_base,399798627,3821720287399719538917,3820468296819071724650,328,99
0xb0adae748a0b42836872fb53eb897589122f7f108ff30fcf3b234c3e9fa61c0e,81,benign,sell_base,214036710,3821718586102161222681,3819936344337094570249,466,99
0xcf141c027b675ce6dd59ca58e193810fc0b6267bc8957ace6b704396aa9297ff,82,benign,sell_base,557007810,3821714158657703931184,3819936313997073157893,465,94
0x3ebfac5713f3d936cc08aab84115df09c68a5417628e272dd4bbb28a8a712f9d,83,benign,sell_base,1695727436,3821700679977317976205,3819936313997073157893,462,97
0x426d4994b616ea85ffa53551045ced708479c6ae1bd34b2e6a4de968de63e75a,84,benign,sell_base,295737500,3821698329276946978247,3819936313997073157893,461,97
0x045f48633956d49e7c406e75b5f26d6842b9e0d42b6f5528031c1f7816490ce5,85,benign,sell_base,50000028595,3821300909227121472204,3819936313997073157893,357,201
0x3d1fa6d3224fd63a0241ad1dfafa42718104cbc4c9159a4522b2c05192b9a9f1,86,benign,buy_base,1000000000,3821308853446956169891,3819936313997073157893,-359,199
0x32cd2c922eb68a48d74c7ec2ded6e103af35f42b2ddc9ce52d760a9fd0c51273,87,benign,sell_base,285841289,3821306581524113474897,3819936313997073157893,359,200
0x8da31d268a6892ecd4fd0a7a0d99f95b5acff69e4b8eb4d8a58681d0d1b8d415,88,benign,buy_base,3658752656,3821335647521265188828,3819936042176783258188,-366,192
0xb0a7d74e808b25991e3107de0940fb257746b6ab01abea8be603b8e6a697aac3,89,benign,sell_base,3631560950,3821306783108862944014,3819936042176783258188,359,199
0x92af3910abed826fc6577abcf628850f171c875b97ea7867db84544e37ecb856,90,benign,buy_base,247621110,3821308750266135628905,3819936042176783258188,-359,187
0x0b2d33bad8370a7a88f04bfa62b2ffdeb18af04a64ade17c193b5ac234652917,91,benign,sell_base,5017274835,3821268872076584024820,3819951636620845590392,345,197
0x5bd2b04e97540d176123e240b179974a48b23b2949bb1b13a7ecdd9acd3133f4,92,benign,sell_base,17644000000,3821128636090253336278,3819951636620845590392,308,234
0xef8ef35eaf8fdf4eae5fe55bb5e57497366507411062cc9d4c4220f598c0f81a,93,benign,sell_base,1149644107,3821119498712116662305,3819951636620845590392,306,236
0x79454d54fbb61ffa209cd7456852259f3189bc9a14d3e2fa3fe2799f031d499f,94,benign,sell_base,312181294,3821117017495233644388,3819980831688142904683,297,248
0xa1e6fc093c91b3b1801dddb3012b4f4c10e21387cb08c99f2d04a62e784f9eb1,95,benign,sell_base,4662129269,3821079724629056183177,3819980831688142904683,288,257
0xf75200bdc8e65f6061f806107fbb276708a617ec54b13e55d13db40cbcaa068a,96,benign,sell_base,56554525483,3820630244754809525524,3819980831688142904683,170,375
0xa06c059c4aae1586e36ad1b501d2d7b7f4e2174fb2b64f876285a1a96bc9ae3e,97,benign,sell_base,2023917302,3820614159704585200977,3819980831688142904683,166,379
0x2460866a5f88d581b2797710d697ebf5bf4da1c618686f0626ad3a54c57f41db,98,benign,sell_base,1470292522,3820602474599634637704,3820017110401741317874,153,283
0xacf89fa924934fe2781e66d2d2c0183e9bbd61d6fc9ed74d0e303a026d75cf08,99,benign,buy_base,2500000000,3820622333349626132883,3820017110401741317874,-158,278
0x87d763b17bb9992efbd2d1df752d452a8d22aecdd58137f266762a8d5c970d11,100,benign,buy_base,3088069632,3820646863501985112538,3820007396867907652174,-167,272
0x321885b78d0c145629a1c04e0a7372b8d05623317ba01635215c0499d341535e,101,benign,sell_base,22016400307,3820471889953111310817,3820005592288440168228,122,317
0xd49e063525e91f46faceff35da8f3006e5afe902732805c8b2102c379c245b58,102,benign,sell_base,628150000,3820466897840918609687,3820005592288440168228,121,329
0x04b95e13403b6d261cb1bfcd9034d42840b848f1a2fdfb29a76efa30ee9e7819,103,benign,buy_base,197828616,3820468469262760958862,3819995799804260204761,-124,329
0x5ded621cb593902350d1efc11ef4e09342d666b25da207356acaab5a2d1327c0,104,benign,sell_base,65955153707,3819944147831907587444,3819995799804260204761,-14,465
0x950d427d1f42746ee0a5247f901defd8144a0493ccc9864752ae9c7cac03ee8b,105,benign,sell_base,981988488,3819936344337094570249,3819972595794711067208,-9,466
0x906f3a9ad71975c3781814d72a17528ed4120de24b908dfdd8e9774b2d9a7b7a,106,benign,buy_base,111195345,3819936925350981953935,3818042399497430634901,-496,359
0x986118b5d8fb1066b0026a587d4ef3e3d12c6af409b1c25bb852c064448381a7,107,benign,buy_base,953334850,3819944497372604506638,3818042399497430634901,-498,357
0xee24583e9eab3c90bf94c06c3456b5bb75cc3ef9e8226a46cabc1fb03fe35c13,108,benign,sell_base,2120216763,3819927648917995503372,3818042399497430634901,494,361
0x8de8d2d9c4416b46408b3ad8f08ab480c4828caca731a051aa7372fbf52da0fe,109,inventory_improving,buy_base,3020109031,3819951636620845590392,3817518261510842759864,-637,306
0x13ef7acf602932e1d51a3d4ddc7c4a38896ecbd9b72511a425b80ebb91c98084,110,inventory_improving,buy_base,3675651346,3819980831688142904683,3816268167294813227146,-972,166
0x9bd08ee0bbdd580dbf4d7fbfa6e2ac66b8dada380e30161f2313e7613d109acb,111,informed,sell_base,251992609,3819978829149297481100,3816268167294813227146,971,166
0x694163c3a8bd032968fad0037d6e8652da807a030bfa0f040ac1dadc9f5dd839,112,informed,sell_base,500000000,3819974855742961436699,3816268167294813227146,970,167
0x06e863db5d142eddc6620b833378535f148d766175cc4e7aa13c1dee8ac3a923,113,inventory_improving,buy_base,1200000000,3819984387153547348477,3816268167294813227146,-973,165
0x37691180b6ee92627e197235b9b8caecd21d8fa421719cf92963755822bf25cc,114,inventory_improving,buy_base,4119829787,3820017110401741317874,3816268167294813227146,-981,158
0xd0e99e76765c9067fcd04522da09a13215d02eb27fa213899445ac0d449e4b36,115,informed,sell_base,1222312543,3820007396867907652174,3816355510294904864375,956,167
0xb433feab7fe14e39de3aa7755f18a59c7d401f8ae25d06bcc7cee9cb6c69f2dd,116,informed,sell_base,227081288,3820005592288440168228,3816218287219059448191,991,121
0x24e8dbeab73a120587e5e82f42a35c4b3e21b4fef5513ad6fa4f0fc13e3a384e,117,inventory_improving,buy_base,190203000,3820007103046127515864,3816218287219059448191,-992,120
0xf1e5206f4cc113f28395af930985f5afa775fbeae1a08cf8b92c7f7455bab358,118,informed,sell_base,1422357104,3819995799804260204761,3816145674158450409916,1008,14
0x4fc0a5cdaa10957361071e0f5e9342b98650ade501e09687fd9af8839687236e,119,informed,sell_base,5918411185,3819948767327318638196,3815876499823609877436,1066,1
0xf5ec11ea7e7d6502b0c20da080678acb96f64665c7a41fad7452694dc6557bf4,120,inventory_improving,buy_base,3000000000,3819972595794711067208,3815876499823609877436,-1072,9
0x76f70be83c62de5276f01ce1d1f1b970584bfab77d9a522c950976e386cdfcfc,121,informed,sell_base,122781357500,3818996967999999830027,3815866061393739657763,820,246
0xcf332c2408d220a0a7cc5ec0f32ce6f4a5c2fe38aaf11396c2c89dd4ddfd6101,122,informed,sell_base,756736995,3818990955316409249372,3815866061393739657763,818,247
0xee8bd6737f358180b588d168abb1f5cd700d50f8b4adb1c562b0e3ff2fd4f697,123,informed,sell_base,304724776,3818988534115036329964,3815866061393739657763,818,248
0x1d515c411581931d9b020b0e9aae841e85c8ddf3a31034e74c0a41422b1d6a73,124,informed,sell_base,216066699,3818986817349983689515,3815866061393739657763,817,249
0xaf6d0c99516cb263a52e3253451b63a2e3d6094893203e27b58ff605d979c2a1,125,inventory_improving,buy_base,931440753,3818994545534387005383,3816451561871982746296,-666,246
0xe8d33fabccb981a99d642fac584efd6aa85161184801f4f60474d848cdaf8448,126,inventory_improving,buy_base,4789120975,3819032578755182261300,3815487680094030652168,-928,237
0xcc33362ab5e66a97f830b8abd7bb06869d8c1cf26a0502dc16ff69cee9d9c709,127,informed,sell_base,124628221577,3818042399497430634901,3815460881807013297746,676,494
0xf35b5f98e1cbfa9b2e4950f8847ccaeb9c347ad7498a57ce3ced0b291a6e5368,128,informed,sell_base,1244805213,3818032510087279525577,3815460881807013297746,674,496
0xd36cd5134668eeb1073cc433b6e9260905ab568dcf9aa3fea0215063ff616d8f,129,informed,sell_base,64731998185,3817518261510842759864,3815364189910366065567,564,637
0x458c154b681399f7bd64efd6fe6963abb6999fc1c7f95396c67a3de1568423c0,130,benign,sell_base,139870717123,3816407208811956582832,3815364189910366065567,273,928
0x47f6ed5613e0a3afb2a971daf53699c639ccd936a4159ab754d98aa77671b44b,131,benign,sell_base,917037218,3816399924928184703362,3815364189910366065567,271,930
0x1f674c5c6518b3061f5456e6277a1be0e9285a8c195c2d2e8217bc2c669fd526,132,benign,sell_base,17609944859,3816260053227831456211,3815364189910366065567,235,966
0x9f5e4afc153ee31e348437f9491abe7211fc08b72dea739b6d087b86efed6ce9,133,benign,buy_base,1022086567,3816268167294813227146,3815377436119008405915,-233,981
0x0a969b3f15cc76891eb13a220a5a48b1b8627a84bb4d9f99915dfb670ef20b43,134,benign,buy_base,6002071959,3816315816284062768246,3815377436119008405915,-246,969
0x920733350de6d77fc8b29d8c6cb0b564996285a11a5e1264e10abbb6edccba4f,135,benign,buy_base,5000000000,3816355510294904864375,3814858632462111657075,-392,956
0x4f99197acb7179d2c23eb4aa1cfd4672a4cb984efa98fa82b6bd90b2b8262367,136,benign,sell_base,5833511919,3816309176050850936383,3814857736466773231555,380,968
0x85f3c5caea21f34fd746d150af5f2d96b4b2988c68c6c529079810bfbcdd0bc0,137,benign,sell_base,11443066798,3816218287219059448191,3814856222266778383549,357,992
0x8f160ac4904b9919a626e0bf8e390de4c8f0038f089470260cc8bb0865f6f090,138,benign,sell_base,9142212377,3816145674158450409916,3814856222266778383549,338,1008
0x193a4cd026e05f957cb7857b0e44dafae1366beb791cfd8f0a5fcbc2b4fb5983,139,benign,sell_base,33716707608,3815877845068859477996,3814856222266778383549,268,1078
0x42b3da3ed68c547c7b958b519c566264bdcca8d7eb58d4737f111c3121b4543e,140,benign,sell_base,169352314,3815876499823609877436,3814523691338384627990,355,1072
0x257fe61c7398dd129bee601d767a7a030f0333327892ccdb1d4c87a3db14940c,141,informed,sell_base,1314090492,3815866061393739657763,3813857620952594977300,526,817
0xb5560abe5d423ea5de8331c9fed26f8f1d0914f18be276a5a72b80c14793f2a8,142,inventory_improving,buy_base,247500000,3815868026416863225425,3813857620952594977300,-527,817
0xc054acdce817c5e67813145ca703d9920b6e0d4d3bace16f9b838e292115b2de,143,inventory_improving,buy_base,133104003057,3816924519344835892933,3813857438459976090450,-804,540
0xcc69fa76e5c20fd292d59a93af25ef67cdd774fa01e4d5107e1158bd83bc2fdd,144,informed,sell_base,64540395997,3816411867370031033283,3813857438459976090450,669,674
0x73f3152b1a2be4f5c1409ca8286abac997676ed16f6d3844520a4c0e462f4b14,145,inventory_improving,buy_base,5000000000,3816451561871982746296,3813857438459976090450,-680,666
0x2b0795a8d4edfdede9695f368c05a9daa31dceb4ddb3ffb0bd4421b6c8168bdb,146,benign,sell_base,119943492581,3815498830725913338153,3813857438459976090450,430,915
0xc3882b1ee88bc0e7649734ba1f6b168d39f9fdd3646b5c7e0057011b8238d5c2,147,benign,buy_base,352670660,3815501630615573957881,3813857438459976090450,-431,915
0x7db229b67b75ff7fec6521e42218ddde200f60a8cbb908df77e0c2ed4d6f6335,148,benign,sell_base,1937832450,3815486238275343710419,3813857438459976090450,427,919
0x1f37be61dca0e8ec168297ddbbe8be074b0907864f05138a77d41c8c6c0d247b,149,benign,buy_base,181610026,3815487680094030652168,3813857438459976090450,-427,928
0x9de2a221461f205baa392a63fa5628001d235773a510208aa2bf3a7b2a97a269,150,benign,sell_base,253007451,3815485670439861716773,3813857438459976090450,427,929
0x6a855c17ecfacc12d286e7b1d8b689dbb71de375603287776152cce87ac8aa2b,151,benign,sell_base,3120795567,3815460881807013297746,3813857135739009225618,420,674
0xe518ffdf333b8bba6d72f96f4f8d3f4453f13556ad9f5ce6e43f0955e32fa3da,152,benign,sell_base,8359771077,3815394480130506427791,3813857135739009225618,403,691
0x3a379f59f6e38a0f4b2292037b160be661e654293bea2c2842b6277197a67436,153,benign,sell_base,3813471645,3815364189910366065567,3813890109499403887437,386,235
0xd00c63af45ad7a6e8667c2b28d3cb9c7db65eb6c727d391a99078bafaac95694,154,benign,buy_base,1668504453,3815377436119008405915,3813879500542328380460,-393,246
0x8da66c0de40d6566a45ca379a57fd00447a60f7b765668cc81c6e1adb94aa0ff,155,benign,sell_base,65318468420,3814858632462111657075,3813904475589151143272,250,392
0xfaf625f2738eecb53486f8e3c980b37392541775e81f68fb73bb3f2b5219e4b0,156,benign,sell_base,112811533,3814857736466773231555,3813904475589151143272,250,380
0x45c4df8849dcbb05741cf4a56bc4a94fb9e337b94a3ffd5e3cacc387b488793a,157,benign,sell_base,190647477,3814856222266778383549,3813908409167651457410,248,268
0x6866fdb28309f509bef3efa54074131a0b3a9f795cfefa9400a7b35a17f9c6d4,158,benign,sell_base,41947734609,3814523063563372758953,3813908409167651457410,161,355
0xbc87d2107108427c2f5d60ae02b67d2c6afa73ed1f3477ed45c2ff7b16b40abf,159,benign,sell_base,121423278372,3813559401234397962313,3813918690481916916521,-94,607
0xfe2d8c9285be05c0ad04a1f81d3982b5c83bb497bfd04aa73b1a2ba2fbbebd40,160,benign,buy_base,7601126249,3813619732268056835775,3813920635966896348330,79,591
0xa6a4f740690c3ac918dc79a0162ba02be85411eb6b0a983dcf031c6758252dd7,161,benign,buy_base,29971085615,3813857620952594977300,3813920635966896348330,17,527
0x321f50fa184f46e9deb0ddb21d51a5601533a46ea877bbbf6c74758b76614609,162,benign,buy_base,2154219919,3813874234655030623916,3813923059965526744499,13,398
0x91f0f06bbee63817a2860fe888dec14e49a51c8ffd3ca55973af01c98fdea424,163,benign,buy_base,2000000000,3813890109499403887437,3814118222655606003994,60,386
0x3d4ffbde2bd2d84899749ceada123f69c1a23878ae04a0381d1d040f9f4c1afd,164,benign,sell_base,5430017916,3813846987670786971309,3814118222655606003994,-71,398
0xde8cfe1259dce0d9c0088a45a301ed30f5221cbcfbe62d6afcdfc032158c1e7c,165,benign,buy_base,4119590263,3813879500542328380460,3814118222655606003994,63,393
0xef7aeb4cf3f4d5706f8863e05b295f39aef249f4fdc9c37bc027f439deea6f88,166,benign,buy_base,3146824457,3813904475589151143272,3814096460248832906154,50,250
0x663eff00c8c21d49508fd14121d3589b49170227973674df6bca3c3e6e397b92,167,benign,buy_base,495625000,3813908409167651457410,3814152018051054831562,64,161
0x1cc563125096b5d1416a841f56b3f210269fbecc42701c4e964771e0e095fd79,168,benign,buy_base,1295428992,3813918690481916916521,3813057549445473725640,-226,94
0x0ea71040f5d6f05a37e58447904cf737087f3c10083873644e3677940e3f5e19,169,benign,buy_base,1500000000,3813930595413740686356,3813057549445473725640,-229,97
0xa3252c9df13a24ef3bb6dee92478163b52116f5055ea89f9e96c366796b68322,170,benign,sell_base,225000000,3813928808779465596505,3813057549445473725640,228,97
0x408ab06db1812d8d5e4589632d123d1f695a8ecca2fe40bd4bb0a6da218c6f9e,171,benign,sell_base,1029244795,3813920635966896348330,3813119741201777874867,210,17
0x68ef346abdce869684a25244c9fd8c2d4e84f2d3c51899c204d2ea5cd9ba0f1f,172,informed,sell_base,185416289,3813919163652795271489,3812006033000000044528,502,16
0x337a7f2712f5808db2f3d7961eccf01aa48e43c7e9634b587d0c0d2db07f0a5d,173,inventory_improving,buy_base,250020228,3813921147967466883770,3812006033000000044528,-502,17
0x371aa51750186d5b7eba7261009bcf457f382b3592727b3c8c372689efbcce1b,174,inventory_improving,buy_base,240908398,3813923059965526744499,3811989207316196018147,-507,13
0x0795df11b31a8609bcae338d1192ae8294ceffd8eaac3214f1fd1a9458900273,175,inventory_improving,buy_base,24589838506,3814118222655606003994,3812004102812567094347,-554,63
0xd69053fc6357f816bbcac16f2e86557ec023435120e563537f4209e6bdf9c9f5,176,informed,sell_base,2740587463,3814096460248832906154,3811979067646419033811,555,50
0x9968ec9c90bc2ec8468ba2c0138fbff94185003d6b1e5d1da00dc035f71062e9,177,inventory_improving,buy_base,7000000000,3814152018051054831562,3811979067646419033811,-570,64
0xb69ec3a5be5dc98a507e60591546274a7a088e3dc7b8aece8ce86267a7ab4980,178,benign,sell_base,136067601674,3813071605123244582734,3811979067646419033811,287,219
0xbff11560b75392a5f086fe51d1a081318cfba014cb5ffbe8958a7f5c77f61e20,179,benign,sell_base,1770304245,3813057549445473725640,3811979067646419033811,283,228
0xc23d7deb92f87114925cc545b904d83b4bdd43218c293b6c92683129f551d6b9,180,benign,buy_base,4883604589,3813096915511018630676,3811985403022675383277,-291,218
0xc18399b640c6c561064f6231b6e510551785ab72639c9f976298af724638cf98,181,benign,sell_base,536767751,3813092653721298242273,3811985403022675383277,290,219
0x93bfd50b9b67db292979969dcf2daee66600e001f862a3233837268c4a4ed079,182,benign,buy_base,3947177148,3813123977618389785757,3811985403022675383277,-299,211
0x1081ea282022c134150d787061eef3a32650627cc37140a8ac0a95a0e1fbf152,183,benign,sell_base,533570141,3813119741201777874867,3811995293309378255172,295,210
0xc8a42e68cdadd9d4c12bd73e823844af40510883dcdbc62cc8a1b25c8820a683,184,benign,buy_base,1333865914,3813130326480485846229,3811995293309378255172,-298,207
0x9e0141cfdc85127ba8705100075857a12409b759e1463d6a8f3012f9e91fd6f7,185,benign,sell_base,141633119424,3812006033000000044528,3811995293309378255172,3,502
0xef3f7cd5d87519cee918da4aa2ae1e66dc31507c58c4af90e29e1c6bd14eb052,186,benign,buy_base,1366047278,3812016866459745781908,3811996526450213908539,-5,499
0xaad8073225dc2cd820a3a4adfb63204c6b0eafe2b44c6c82e532ee887305dbf1,187,benign,buy_base,459442832,3812020510081915217157,3811897608252526775010,-32,498
0xddce70c85c03651d9ac40fa4cba1fb53f828d33bcdeb5fdfb81706be3239cdd4,188,benign,buy_base,8203122636,3812085565431811100242,3811897608252526775010,-49,481
0xddfb2de9e9f9787e494c78bd65eafbd8a50232f8f618ed2a56656d3653cc2764,189,benign,sell_base,209990000,3812083899253667134179,3811897608252526775010,49,482
0x633a6528fa1557590e978dc0a6f180ebd85850af7bc79383fb0bb3ea39d92145,190,benign,sell_base,11934189436,3811989207316196018147,3811897608252526775010,24,507
0x9409ff899ed356276d8b9c7069c56a17c8642b91c39a2c4f0dfc17f75e179dc2,191,benign,sell_base,3238559815,3811963511135994548835,3811897608252526775010,17,514
0xc39dfca16517811159cf2e53efaada5e784f70537fbbb45a77a475efd0f297d4,192,benign,buy_base,998509661,3811971429787122822335,3811897608252526775010,-19,512
0x0a3de22967875d3a72c17f93d6e2d25fa5e3dae6de599b0ef337f064e5324408,193,benign,buy_base,4119924490,3812004102812567094347,3811897608252526775010,-28,554
0x7c39a56fa98d275eb634c30aabc5435866b024ea467c1d6f098aa53e8995c782,194,benign,buy_base,1501696004,3812016012034520224444,3811897608252526775010,-31,551
0xc7fe208a32f6d6e3a723da1ca9eddb63292153fedfa8416d1fc8181ca62a5c5c,195,benign,buy_base,1000000000,3812023942559356685797,3811936912373396082267,-23,549
0x97d0d1b651ce9ed5a8ec187c3c98e2d514f96f8770c7fbf7082cd7b9e811c89d,196,benign,buy_base,500000000,3812027907824868415355,3811936912373396082267,-24,548
0x287fd0e3302f9ef9924346c46f1e975b35c967349b9899daf7b238b20965dd19,197,benign,sell_base,2281643126,3812009804148207292869,3811936912373396082267,19,553
0x26e20d613f49dd574b7aca39f1dd4b2d5105f8df582f9a83061449d458001eda,198,benign,sell_base,3873796134,3811979067646419033811,3811948948985612592783,8,283
0xd2f3d979cb1597a80d27a2fe67420ccfc928c1fe0727f4b9d505c323725a788a,199,benign,buy_base,798863600,3811985403022675383277,3811956400268107340690,-8,299
0xba435c8c57a083fd250dfbe0f101b6e4b8be4ffd1ac5467c2852592d2837738b,200,benign,buy_base,2794458147,3812007564474116216761,3811956400268107340690,-13,293
0x042db8aa847627fdfdbc90f762eb6057e817a3e95399e7b8279b8e3bc521ded1,201,benign,sell_base,1546563342,3811995293309378255172,3811957668659196360241,10,3
0x7a6d5e532885aa3173dc73b3960b5e82a4c21759aeefbb5fae7a5e616c7c865b,202,benign,buy_base,155493458,3811996526450213908539,3811957668659196360241,-10,5
0x38ca3892f0075df802c3c027daa61684ee5b6154b5cb53a10a5d1cb1ba24ac5c,203,benign,sell_base,12471720270,3811897608252526775010,3812460216671036990797,-148,31
0xfe6f5c1252b4b204b57b7fe4498c0316cca90e220ee8427132b45578e850b4ee,204,benign,buy_base,4958007197,3811936912373396082267,3812460216671036990797,137,19
0x7f92116639784f557329efbf69e2ef1d53c06c96ca780847eabfd5737daf869c,205,benign,buy_base,1518349927,3811948948985612592783,3812460216671036990797,134,8
0x2eae02377f90ac7f0bccfafa5460d17a41da8796cda637decd4f3ab90549f452,206,benign,buy_base,1450343288,3811960446497726529201,3812460216671036990797,131,5
0x8e090e2be69cb14ec68b5c9a9ee4eb4cc525f8d5f2a2955d58555b09106b3d3d,207,benign,sell_base,983490741,3811952646029910561650,3812460216671036990797,-133,7
0x1b8111562d63c04b46f233075887f8987f850d8f85ebbc2de4dae4bf0418461c,208,benign,buy_base,473575000,3811956400268107340690,3812460216671036990797,132,13
0xcff43775205dbadcc63b20d25a7bcde510f9a94dbe912f161992734103caac91,209,benign,buy_base,160000000,3811957668659196360241,3812333456605429095369,99,10
0xa357b5a40d15816f6cca3a228b1be46e9d5c9f8391ec5ef35aecebf6231ff2b2,210,benign,sell_base,840132762,3811951005224149454111,3812333456605429095369,-100,12
0xb016e71e1188bb036006c40d06d6c9095f5928f91d1cc8cc48d9555eb83cb831,211,benign,buy_base,161557211,3811952285959033547466,3812333456605429095369,100,12
0xff0ae22cadccf99b5ffb56a8b98df5c52c087e092c2abc59869d540b10dc2743,212,benign,sell_base,3048027382,3811928110857522596589,3812366143380976093394,-115,18
0xa99cd746841ff510bfff4dd815e4a4d87d481a6b225b44b4e011e05ecd40713f,213,benign,buy_base,7130450850,3811984637104613307818,3812366143380976093394,100,3
0x142738ca6e7e5eafe7d55c6971904e73da7f57b7e079e968c13ade3c4b75980e,214,benign,buy_base,1596658612,3811997294583162446324,3812366143380976093394,97,0
0x42ffcf0b41a23448aa418392ef74df4bf824172cd7df5e161d5b43fb833ebe99,215,benign,buy_base,67657461758,3812533783497511588441,3812366143380976093394,-44,141
0xb8831e0a206be74e21b3d0c4ca106171e89631e611a7a1c3263ff83252e2f701,216,benign,sell_base,1603318852,3812521059371593758568,3812366143380976093394,41,138
0xa46029124a79af4098639dafee75024d195f5e9657e2a6585f868b9cca07489b,217,benign,sell_base,1905303795,3812506287699032194315,3812373664424270743311,35,134
0x85a368aa9757bea615f5c61687a36f244f768b425baa6934a23f86cce873224e,218,benign,buy_base,215315764,3812507995945955681188,3812373240985443576935,-35,134
0x465b11fd571ffec221619ca5c308e4a6bd26a659d4fbfb14572d1450920b309b,219,benign,sell_base,6019339583,3812460216671036990797,3812401924690572971050,15,132
0x9c8188ec410246d6b3d1d5cd594d2013684693f853d804d3fa114470b7f69bbf,220,benign,buy_base,614607000,3812465092739428823728,3812401924690572971050,-17,133
0x9eaca0190d138eae10eab91d2dc9ef2e0d9b8cdef800885bdddd5a11d0676488,221,benign,sell_base,2400646082,3812446037376590478927,3812401924690572971050,12,128
0x108e0e5ac5b8fda85837ce69fad8e205e295f9903c2bab06fcb1daa6a27141b1,222,benign,buy_base,770227107,3812452148067441465479,3812403672319090727739,-13,130
0x1076ef1105ba4f3bbcf9932ec9296e06672c3d3b72badc6b6b3802c7e2a842ed,223,benign,sell_base,14942664076,3812333540186994861230,3812403672319090727739,-18,99
0x14f9d80dfeb32a5b4af9ecc765aee07dd3e02bee793f282841e14e4a47f21ffa,224,benign,buy_base,4120085441,3812366143380976093394,3812393635395918271496,7,41
0x32556d668d345d9f014a6128336e40fe72a159da5c208d2eba77d4c957762666,225,benign,buy_base,1038041016,3812374378721049286589,3812393635395918271496,5,38
0x05b48ed53eba41acec4468c00da3896910ebc93bb92a1d0a49c16b01e39b07b6,226,benign,buy_base,1000000000,3812381174532820962106,3812467289938009139327,23,33
0xd20d3c6c5ef99a9dda8aa5913260596476a77077cb312e95d1e7b35e17d06fd0,227,benign,buy_base,314042570,3812383666006126141865,3812467289938009139327,22,33
0x3ca8f9d9bf634a25a0e2d9206eb2e77a639310c756033a87771a84d08b671aad,228,benign,buy_base,567959119,3812388171941849633354,3812463660330935410553,20,31
0xc21e158c66e6c1316f905be3caa20928330258c5942872f0f1c357caa61f7f48,229,benign,sell_base,1089401286,3812379524794032995869,3812464857326493391421,-22,34
0x1fc85f7fbb7978862cf3b888257c54b26478fe92a5e503775e38661a93d05fff,230,benign,sell_base,296605132,3812377170485654333730,3812464857326493391421,-23,34
0x1c028433bd40978d2e9a65088256d6c83ec8436cdaf6c1a283f674c7320ceb77,231,benign,buy_base,3120188698,3812401924690572971050,3812504525622559600449,27,12
0x166f23254e58916419065b2d0e9f6df294625d97b0914240a2ba93f19c9a4596,232,benign,buy_base,220282627,3812403672319090727739,3812460073018685631611,15,18
0x0d6c8e80a595ede31629426fa8509255ed106328b9527515b8685fa40a1128cf,233,benign,sell_base,1007718396,3812395673514488086721,3812444158142483952195,-13,16
0xb8a72803626450f8752a91731cd320ba27be4bb16f59316d1bd64295e365c02b,234,benign,sell_base,39296502092,3812390792599923421504,3812445919564532876800,-14,15
0x47325f42948dd3014dc89aed59e0be1cf97b3cfeaab5f2f7801537f97e25b094,235,benign,buy_base,358325257,3812393635395918271496,3812445919564532876800,14,5
0x6505e75608ed8004b112f56f7512b9bcb03ee88aeaf7191ae88b2b673a2cee27,236,benign,buy_base,4119593717,3812426318528309136536,3812445919564532876800,5,14
0x4ff950112c5c28a743afa49d305b0f1d0b993d03182002476e4e03ca98b488f5,237,benign,buy_base,1411753265,3812437518820085352830,3812445919564532876800,2,17
0x1adc572cadd680725133a9bf5cb30c14b28be96044f30dcb50d62bbf2704ad6a,238,benign,sell_base,384746710,3812434464863315083035,3812445919564532876800,-3,16
0x8dfa26b3d871b53bb17e897fd00a6d6a6ef4799b28a9f484082996f558e22f28,239,benign,buy_base,4137462851,3812467289938009139327,3812445919564532876800,-6,22
0x64d6224ed3016e39d34c609dbe747bb8abfca5535dbb45707cf34efe5137298e,240,benign,sell_base,457267109,3812463660330935410553,3812434522327004147590,8,20
0x4896e7da60e4e51015e14fc5a8a2e7937eec1315abb9c43c2f12a48f6075d665,241,benign,sell_base,410705121,3812459946615817254966,3812476762169027774263,-4,19
0x9de99a2bad28c697f8e1f4f6caeddd1951f31343e65a602e1da78fac1211f577,242,benign,buy_base,618973528,3812464857326493391421,3812476762169027774263,3,23
0x587690aab12588f883211668327ba6f66b903eb56932c937fbc11d2378215f09,243,benign,buy_base,5000000000,3812504525622559600449,3812475538106966981676,-8,27
0xff5fc3925df2bebdf3434e76b94870e1c8be7c464155bf91df85beb60edd657c,244,benign,sell_base,5519614486,3812460712987815394947,3812497184361113396916,-10,15
0x85c3faafd2ff26d79e7db02970e121230fdac516bfca6a8c54c7202899bae561,245,benign,sell_base,4009372481,3812428888246932830302,3812628344186217551848,-52,7
0x756e8f7e4b02b361fc4fae677061bd2481b54457e21aa6579552fdd9a1ae97d0,246,benign,buy_base,3936079527,3812460115595940571835,3812628145741780908969,44,15
0xb8777e6513d8bf13c1129167886aa2299e79631fd83e8fa62cc78f738a007444,247,benign,sell_base,2005000000,3812444158142483952195,3812630525884694500576,-49,13
0x46dec2d16ae83aaaf6ab0134d7ba76e70a10701a00c4fa8167205974f47c7b76,248,benign,buy_base,222020025,3812445919564532876800,3812987555735485094218,142,6
0x5fcd5bef0dc7707f9998be17b9aea8f075daea2704a1dbae2a01e8de6c97ce5d,249,benign,sell_base,537077616,3812441656465061780139,3812987555735485094218,-143,7
0x8504ce28ac535b3a491cdf957b4111fd9ab712363f5112c0f031060c29c3e681,250,benign,sell_base,898780043,3812434522327004147590,3812987555735485094218,-145,8
