flow_class,policy,trades,average_effective_trader_fee_bps,rejected_reference_attempts,expired_settlements,reactive_callbacks,modeled_callback_gas_budget,volume_quote,upfront_fee_quote,retained_fee_quote,rebate_quote,lp_protection_quote,adverse_selection_proxy_quote,lp_net_after_proxy_quote
benign,fixed,351,30.0000,0,0,0,0,904988.000000,2714.964000,2714.964000,0.000000,0.000000,245.352066,2469.611934
benign,volatility,351,49.4790,0,0,0,0,904988.000000,4477.790372,4477.790372,0.000000,0.000000,245.352066,4232.438306
benign,markout,351,39.4262,32,32,702,280800000,904988.000000,7239.904000,3568.025182,3671.878818,853.061182,245.352066,3322.673116
informed,fixed,216,30.0000,0,0,0,0,556665.000000,1669.995000,1669.995000,0.000000,0.000000,1863.494818,-193.499818
informed,volatility,216,48.0374,0,0,0,0,556665.000000,2674.075528,2674.075528,0.000000,0.000000,1863.494818,810.580710
informed,markout,216,73.0552,19,19,432,172800000,556665.000000,4453.320000,4066.725104,386.594896,2396.730104,1863.494818,2203.230286
inventory_improving,fixed,201,30.0000,0,0,0,0,537627.000000,1612.881000,1612.881000,0.000000,0.000000,0.000000,1612.881000
inventory_improving,volatility,201,47.4403,0,0,0,0,537627.000000,2550.518612,2550.518612,0.000000,0.000000,0.000000,2550.518612
inventory_improving,markout,201,30.0000,12,12,402,160800000,537627.000000,4301.016000,1612.881000,2688.135000,0.000000,0.000000,1612.881000
